{
  "name": "White Dwarf Stars (D)",
  "type": "star_zone_table",
  "luminosity_class": "D",
  "columns": ["Temperature_K", "Mass_SM", "Luminosity_SU", "InnerLimit_AU", "HabitableZone_AU", "SnowLine_AU", "OuterLimit_AU"],
  "data": {
    "D0": [50000, 0.6, 0.0012, 0.12, "0.033-0.045", 0.175, 2.4],
    "D1": [40000, 0.6, 0.0008, 0.12, "0.027-0.037", 0.143, 2.4],
    "D2": [30000, 0.6, 0.0004, 0.12, "0.019-0.026", 0.101, 2.4],
    "D3": [25000, 0.6, 0.0002, 0.12, "0.013-0.018", 0.072, 2.4],
    "D4": [20000, 0.6, 0.0001, 0.12, "0.010-0.013", 0.051, 2.4],
    "D5": [15000, 0.6, 0.00006, 0.12, "0.007-0.010", 0.039, 2.4],
    "D6": [12000, 0.6, 0.00004, 0.12, "0.006-0.008", 0.032, 2.4],
    "D7": [10000, 0.6, 0.00002, 0.12, "0.004-0.006", 0.025, 2.4],
    "D8": [8000, 0.6, 0.00001, 0.12, "0.003-0.004", 0.018, 2.4],
    "D9": [6000, 0.6, 0.000006, 0.12, "0.002-0.003", 0.014, 2.4]
  }
}
