{
  "name": "Brown Dwarf Stars (L, T, Y)",
  "type": "star_zone_table",
  "luminosity_class": "BD",
  "columns": ["Temperature_K", "Mass_SM", "Luminosity_SU", "InnerLimit_AU", "HabitableZone_AU", "SnowLine_AU", "OuterLimit_AU"],
  "data": {
    "L0": [2200, 0.075, 0.00016, 0.015, "0.012-0.016", 0.020, 0.30],
    "L1": [2100, 0.075, 0.00013, 0.015, "0.011-0.015", 0.018, 0.30],
    "L2": [2000, 0.075, 0.00010, 0.015, "0.010-0.013", 0.016, 0.30],
    "L3": [1900, 0.075, 0.00008, 0.015, "0.008-0.011", 0.014, 0.30],
    "L4": [1800, 0.075, 0.00006, 0.015, "0.007-0.010", 0.012, 0.30],
    "L5": [1700, 0.075, 0.00005, 0.015, "0.007-0.009", 0.011, 0.30],
    "L6": [1600, 0.075, 0.00004, 0.015, "0.006-0.008", 0.010, 0.30],
    "L7": [1500, 0.075, 0.00003, 0.015, "0.005-0.007", 0.009, 0.30],
    "L8": [1400, 0.075, 0.00002, 0.015, "0.004-0.006", 0.008, 0.30],
    "L9": [1300, 0.075, 0.00002, 0.015, "0.004-0.006", 0.007, 0.30],
    "T0": [1200, 0.075, 0.00001, 0.015, "0.003-0.005", 0.006, 0.30],
    "T1": [1100, 0.075, 0.000008, 0.015, "0.003-0.004", 0.005, 0.30],
    "T2": [1000, 0.075, 0.000006, 0.015, "0.002-0.003", 0.005, 0.30],
    "T3": [900, 0.075, 0.000005, 0.015, "0.002-0.003", 0.004, 0.30],
    "T4": [800, 0.075, 0.000004, 0.015, "0.002-0.002", 0.003, 0.30],
    "T5": [700, 0.075, 0.000003, 0.015, "0.002-0.002", 0.003, 0.30],
    "T6": [600, 0.075, 0.000002, 0.015, "0.001-0.002", 0.002, 0.30],
    "T7": [550, 0.075, 0.000002, 0.015, "0.001-0.002", 0.002, 0.30],
    "T8": [500, 0.075, 0.000001, 0.015, "0.001-0.001", 0.002, 0.30],
    "T9": [450, 0.075, 0.000001, 0.015, "0.001-0.001", 0.001, 0.30],
    "Y0": [400, 0.075, 0.0000008, 0.015, "0.001-0.001", 0.001, 0.30],
    "Y1": [350, 0.075, 0.0000006, 0.015, "0.001-0.001", 0.001, 0.30],
    "Y2": [300, 0.075, 0.0000004, 0.015, "0.001-0.001", 0.001, 0.30],
    "Y3": [250, 0.075, 0.0000003, 0.015, "0.001-0.001", 0.001, 0.30],
    "Y4": [200, 0.075, 0.0000002, 0.015, "N/A", 0, 0.30],
    "Y5": [175, 0.075, 0.0000001, 0.015, "N/A", 0, 0.30],
    "Y6": [150, 0.075, 0.0000001, 0.015, "N/A", 0, 0.30],
    "Y7": [125, 0.075, 0.0000001, 0.015, "N/A", 0, 0.30],
    "Y8": [100, 0.075, 0.0000001, 0.015, "N/A", 0, 0.30],
    "Y9": [75, 0.075, 0.0000001, 0.015, "N/A", 0, 0.30]
  }
}
